{"train": [0.024282311796148617, 0.011004849717020988, 0.008756781454384327, 0.007623181446641683, 0.006960562810798486, 0.006549019405494134, 0.006289954077452422, 0.006142072679847479, 0.0060155155261357625, 0.005922175398468971, 0.005840062419325114, 0.005774166647344828, 0.005718056321144104, 0.005658731803794702, 0.005612098883340756, 0.005571712274104357, 0.005541211969653765, 0.005495332321772972, 0.0054789040272434555, 0.005452175053705772, 0.005430707240353028, 0.0054111430153250695, 0.005388902082790931, 0.0053753952816128735, 0.005355063937107722, 0.005342376660307248, 0.005332472522308429, 0.0053212404492000735, 0.005298229758938153, 0.005303991440186898, 0.0052806324308117235, 0.005282481401165326, 0.005273915024101734, 0.005266150296231111, 0.005280671358605226, 0.005246293772508701, 0.005238105799506108, 0.00524082641924421, 0.005229918138186137, 0.005227126158277194], "val": [0.013115098151564598, 0.009555051405727863, 0.008029418081045151, 0.007174518105387688, 0.0067608704254031185, 0.006548147690296173, 0.006353856891393662, 0.006231149473786354, 0.006123613640666008, 0.005940246452391148, 0.005827027185261249, 0.005770524808764457, 0.0057702652141451835, 0.005738222725689411, 0.005619759510457516, 0.00565536727309227, 0.005642747910320759, 0.005524149358272552, 0.005516262523829937, 0.005525667342543602, 0.005546037355065345, 0.005514713265001774, 0.005499005648493767, 0.005492323599755764, 0.005400726680457592, 0.005355020752549172, 0.005433053873479366, 0.005393698109686374, 0.0053695501729846004, 0.005390401795506477, 0.005335387475788593, 0.005375192011892796, 0.005298817063868046, 0.005421433971822262, 0.005340276472270489, 0.005306328199803829, 0.005360141216218472, 0.005373853951692581, 0.005283335347473621, 0.0053191290438175205]}